DateTime,CPU,GPU,BenchmarkType,Scene,ComputeBackend,AccelerationStructure,Resolution,TileSize,SPP,LightBounces,Triangles,Rays,Traversals,Intersections,RaysPerSecond,NodesPerRay,IntersectionsPerRay,TotalElapsedSeconds,FPS,AvgKernelMs,AccStructBuildSeconds,AccStructMemoryBytes,RMSE,PSNR,QARmseThreshold,QAResult
"2026-04-29 15:13:06","Intel64 Family 6 Model 140 Stepping 1, GenuineIntel","NVIDIA GeForce MX350","SPP","cornell_box","SPIR-V","Binned SAH-BVH","1024x1024","256x256",64,4,30,342790279,1819696216,5645207201,1.40258e+08,5.30848,16.4684,2.444,26.1866,35.414,0,336,,,,
DateTime,CPU,GPU,BenchmarkType,Scene,ComputeBackend,AccelerationStructure,Resolution,TileSize,SPP,LightBounces,Triangles,Rays,Traversals,Intersections,RaysPerSecond,NodesPerRay,IntersectionsPerRay,TotalElapsedSeconds,FPS,AvgKernelMs,AccStructBuildSeconds,AccStructMemoryBytes,RMSE,PSNR,QARmseThreshold,QAResult
"2026-04-29 15:14:07","Intel64 Family 6 Model 140 Stepping 1, GenuineIntel","NVIDIA GeForce MX350","SPP","cornell_box","SPIR-V","Binned SAH-BVH","1024x1024","256x256",64,4,30,342800176,1819749067,5645372827,1.05737e+08,5.30848,16.4684,3.242,19.7409,47.8947,0,336,,,,
DateTime,CPU,GPU,BenchmarkType,Scene,ComputeBackend,AccelerationStructure,Resolution,TileSize,SPP,LightBounces,Triangles,Rays,PrimaryRays,SecondaryRays,ShadowRays,Traversals,Intersections,RaysPerSecond,NodesPerRay,IntersectionsPerRay,TotalElapsedSeconds,FPS,AvgKernelMs,AccStructBuildSeconds,AccStructMemoryBytes,RMSE,PSNR,QARmseThreshold,QAResult
"2026-05-06 16:41:51","Intel64 Family 6 Model 140 Stepping 1, GenuineIntel","NVIDIA GeForce MX350","SPP","dragon-cbx","SPIR-V","Binned SAH-BVH","1024x1024","256x256",64,4,871316,354796358,67108864,153436432,134251062,9630073313,7068144291,2.17899e+06,27.1425,19.9217,162.826,0.393058,2493.08,16.952,14823216,,,,
DateTime,CPU,GPU,BenchmarkType,Scene,ComputeBackend,AccelerationStructure,Resolution,TileSize,SPP,LightBounces,Triangles,Rays,PrimaryRays,SecondaryRays,ShadowRays,Traversals,Intersections,RaysPerSecond,NodesPerRay,IntersectionsPerRay,TotalElapsedSeconds,FPS,AvgKernelMs,AccStructBuildSeconds,AccStructMemoryBytes,RMSE,PSNR,QARmseThreshold,QAResult
"2026-05-09 15:34:54","Intel64 Family 6 Model 140 Stepping 1, GenuineIntel","NVIDIA GeForce MX350","SPP","cornell_box","SPIR-V","Binned SAH-BVH","1024x1024","256x256",64,4,30,342798513,67108864,151346411,124343238,1819740500,5645347593,4.57248e+07,5.30848,16.4684,7.497,8.53675,113.305,0,336,,,,
DateTime,CPU,GPU,BenchmarkType,Scene,ComputeBackend,AccelerationStructure,Resolution,TileSize,SPP,LightBounces,Triangles,Rays,PrimaryRays,SecondaryRays,ShadowRays,Traversals,Intersections,RaysPerSecond,NodesPerRay,IntersectionsPerRay,TotalElapsedSeconds,FPS,AvgKernelMs,AccStructBuildSeconds,AccStructMemoryBytes,RMSE,PSNR,QARmseThreshold,QAResult
"2026-05-13 00:18:10","Intel64 Family 6 Model 140 Stepping 1, GenuineIntel","NVIDIA GeForce MX350","SPP","sibenik2","CUDA","Binned SAH-BVH","1024x1024","256x256",64,4,71082,324676473,67108864,197933348,59634261,12454255098,5359407617,6.86086e+06,38.359,16.5069,47.323,1.35241,724.147,0.858,1191408,,,,
DateTime,CPU,GPU,BenchmarkType,Scene,ComputeBackend,AccelerationStructure,Resolution,TileSize,SPP,LightBounces,Triangles,Rays,PrimaryRays,SecondaryRays,ShadowRays,Traversals,Intersections,RaysPerSecond,NodesPerRay,IntersectionsPerRay,TotalElapsedSeconds,FPS,AvgKernelMs,AccStructBuildSeconds,AccStructMemoryBytes,RMSE,PSNR,QARmseThreshold,QAResult
"2026-05-13 00:19:40","Intel64 Family 6 Model 140 Stepping 1, GenuineIntel","NVIDIA GeForce MX350","SPP","sibenik2","CUDA","Binned SAH-BVH","1024x1024","256x256",64,4,71082,162335912,33554432,98967058,29814422,6227037219,2679602803,5.86262e+06,38.359,16.5065,27.69,2.3113,417.135,0.885,1191408,,,,
DateTime,CPU,GPU,BenchmarkType,Scene,ComputeBackend,AccelerationStructure,Resolution,TileSize,SPP,LightBounces,Triangles,Rays,PrimaryRays,SecondaryRays,ShadowRays,Traversals,Intersections,RaysPerSecond,NodesPerRay,IntersectionsPerRay,TotalElapsedSeconds,FPS,AvgKernelMs,AccStructBuildSeconds,AccStructMemoryBytes,RMSE,PSNR,QARmseThreshold,QAResult
"2026-05-13 00:33:28","Intel64 Family 6 Model 140 Stepping 1, GenuineIntel","NVIDIA GeForce MX350","SPP","cornell_box","SPIR-V","Binned SAH-BVH","1024x1024","256x256",32,4,30,82789384,16777216,36888851,29123317,439074057,1360114024,7.16791e+07,5.30351,16.4286,1.155,27.7056,33.342,0,336,,,,
DateTime,CPU,GPU,BenchmarkType,Scene,ComputeBackend,AccelerationStructure,Resolution,TileSize,SPP,LightBounces,Triangles,Rays,PrimaryRays,SecondaryRays,ShadowRays,Traversals,Intersections,RaysPerSecond,NodesPerRay,IntersectionsPerRay,TotalElapsedSeconds,FPS,AvgKernelMs,AccStructBuildSeconds,AccStructMemoryBytes,RMSE,PSNR,QARmseThreshold,QAResult
"2026-05-13 00:36:55","Intel64 Family 6 Model 140 Stepping 1, GenuineIntel","NVIDIA GeForce MX350","SPP","dragon-cbx","SPIR-V","Binned SAH-BVH","1024x1024","256x256",32,4,871316,177403222,33554432,76722166,67126624,4814079145,3531817524,2.21088e+06,27.1364,19.9084,80.241,0.398799,2434.23,13.237,14823216,,,,
DateTime,CPU,GPU,BenchmarkType,Scene,ComputeBackend,AccelerationStructure,Resolution,TileSize,SPP,LightBounces,Triangles,Rays,PrimaryRays,SecondaryRays,ShadowRays,Traversals,Intersections,RaysPerSecond,NodesPerRay,IntersectionsPerRay,TotalElapsedSeconds,FPS,AvgKernelMs,AccStructBuildSeconds,AccStructMemoryBytes,RMSE,PSNR,QARmseThreshold,QAResult
"2026-05-13 22:34:54","Intel64 Family 6 Model 140 Stepping 1, GenuineIntel","NVIDIA GeForce MX350","SPP","dragon-cbx","CUDA","Binned SAH-BVH","1024x1024","256x256",32,4,871316,88698314,16777216,38356523,33564575,3509169189,4876108849,193221,39.563,54.9741,459.052,0.0697089,11997.3,12.665,14823216,,,,
DateTime,CPU,GPU,BenchmarkType,Scene,ComputeBackend,AccelerationStructure,Resolution,TileSize,SPP,LightBounces,Triangles,Rays,PrimaryRays,SecondaryRays,ShadowRays,Traversals,Intersections,RaysPerSecond,NodesPerRay,IntersectionsPerRay,TotalElapsedSeconds,FPS,AvgKernelMs,AccStructBuildSeconds,AccStructMemoryBytes,RMSE,PSNR,QARmseThreshold,QAResult
"2026-05-13 22:45:43","Intel64 Family 6 Model 140 Stepping 1, GenuineIntel","NVIDIA GeForce MX350","SPP","dragon-cbx","CUDA","Binned SAH-BVH","1024x1024","256x256",32,4,871316,88698314,16777216,38356523,33564575,3509169189,4876108849,212424,39.563,54.9741,417.553,0.076637,12023.1,12.523,14823216,,,,
DateTime,CPU,GPU,BenchmarkType,Scene,ComputeBackend,AccelerationStructure,Resolution,TileSize,SPP,LightBounces,Triangles,Rays,PrimaryRays,SecondaryRays,ShadowRays,Traversals,Intersections,RaysPerSecond,NodesPerRay,IntersectionsPerRay,TotalElapsedSeconds,FPS,AvgKernelMs,AccStructBuildSeconds,AccStructMemoryBytes,RMSE,PSNR,QARmseThreshold,QAResult
"2026-05-14 00:19:45","Intel64 Family 6 Model 140 Stepping 1, GenuineIntel","NVIDIA GeForce MX350","SPP","dragon-cbx","CUDA","Binned SAH-BVH","1024x1024","256x256",32,4,871316,88698314,16777216,38356523,33564575,3509169189,4876108849,215875,39.563,54.9741,410.879,0.0778818,12030.7,12.701,14823216,,,,
DateTime,CPU,GPU,BenchmarkType,Scene,ComputeBackend,AccelerationStructure,Resolution,TileSize,SPP,LightBounces,Triangles,Rays,PrimaryRays,SecondaryRays,ShadowRays,Traversals,Intersections,RaysPerSecond,NodesPerRay,IntersectionsPerRay,TotalElapsedSeconds,FPS,AvgKernelMs,AccStructBuildSeconds,AccStructMemoryBytes,RMSE,PSNR,QARmseThreshold,QAResult
"2026-05-14 00:30:45","Intel64 Family 6 Model 140 Stepping 1, GenuineIntel","NVIDIA GeForce MX350","SPP","dragon-cbx","SPIR-V","Binned SAH-BVH","1024x1024","256x256",32,4,871316,177402881,33554432,76721974,67126475,4814058337,3531807262,2.20491e+06,27.1363,19.9084,80.458,0.397723,2440.55,12.341,14823216,,,,
DateTime,CPU,GPU,BenchmarkType,Scene,ComputeBackend,AccelerationStructure,Resolution,TileSize,SPP,LightBounces,Triangles,Rays,PrimaryRays,SecondaryRays,ShadowRays,Traversals,Intersections,RaysPerSecond,NodesPerRay,IntersectionsPerRay,TotalElapsedSeconds,FPS,AvgKernelMs,AccStructBuildSeconds,AccStructMemoryBytes,RMSE,PSNR,QARmseThreshold,QAResult
"2026-05-14 00:33:51","Intel64 Family 6 Model 140 Stepping 1, GenuineIntel","NVIDIA GeForce MX350","SPP","dragon-cbx","CUDA","Binned SAH-BVH","1024x1024","256x256",32,4,871316,177411671,33554432,76721834,67135405,7032504299,9790006257,1.29501e+06,39.6395,55.1824,136.996,0.233583,0.087903,12.406,14823216,,,,
DateTime,CPU,GPU,BenchmarkType,Scene,ComputeBackend,AccelerationStructure,Resolution,TileSize,SPP,LightBounces,Triangles,Rays,PrimaryRays,SecondaryRays,ShadowRays,Traversals,Intersections,RaysPerSecond,NodesPerRay,IntersectionsPerRay,TotalElapsedSeconds,FPS,AvgKernelMs,AccStructBuildSeconds,AccStructMemoryBytes,RMSE,PSNR,QARmseThreshold,QAResult
"2026-05-14 00:45:40","Intel64 Family 6 Model 140 Stepping 1, GenuineIntel","NVIDIA GeForce MX350","SPP","dragon-cbx","CUDA","Binned SAH-BVH","1024x1024","256x256",32,4,871316,177411671,33554432,76721834,67135405,7032504299,9790006257,1.13348e+06,39.6395,55.1824,156.52,0.204447,0.013792,12.443,14823216,,,,
DateTime,CPU,GPU,BenchmarkType,Scene,ComputeBackend,AccelerationStructure,Resolution,TileSize,SPP,LightBounces,Triangles,Rays,PrimaryRays,SecondaryRays,ShadowRays,Traversals,Intersections,RaysPerSecond,NodesPerRay,IntersectionsPerRay,TotalElapsedSeconds,FPS,AvgKernelMs,AccStructBuildSeconds,AccStructMemoryBytes,RMSE,PSNR,QARmseThreshold,QAResult
"2026-05-14 00:51:36","Intel64 Family 6 Model 140 Stepping 1, GenuineIntel","NVIDIA GeForce MX350","SPP","dragon-cbx","CUDA","Binned SAH-BVH","1024x1024","256x256",32,4,871316,177411671,33554432,76721834,67135405,7032504299,9790006257,1.28305e+06,39.6395,55.1824,138.273,0.231426,0.012832,12.408,14823216,,,,
DateTime,CPU,GPU,BenchmarkType,Scene,ComputeBackend,AccelerationStructure,Resolution,TileSize,SPP,LightBounces,Triangles,Rays,PrimaryRays,SecondaryRays,ShadowRays,Traversals,Intersections,RaysPerSecond,NodesPerRay,IntersectionsPerRay,TotalElapsedSeconds,FPS,AvgKernelMs,AccStructBuildSeconds,AccStructMemoryBytes,RMSE,PSNR,QARmseThreshold,QAResult
"2026-05-14 00:55:16","Intel64 Family 6 Model 140 Stepping 1, GenuineIntel","NVIDIA GeForce MX350","SPP","dragon-cbx","CUDA","Binned SAH-BVH","1024x1024","256x256",32,4,871316,177411671,33554432,76721834,67135405,7032504299,9790006257,1.24627e+06,39.6395,55.1824,142.354,0.224792,4307.06,12.482,14823216,,,,
DateTime,CPU,GPU,BenchmarkType,Scene,ComputeBackend,AccelerationStructure,Resolution,TileSize,SPP,LightBounces,Triangles,Rays,PrimaryRays,SecondaryRays,ShadowRays,Traversals,Intersections,RaysPerSecond,NodesPerRay,IntersectionsPerRay,TotalElapsedSeconds,FPS,AvgKernelMs,AccStructBuildSeconds,AccStructMemoryBytes,RMSE,PSNR,QARmseThreshold,QAResult
"2026-05-14 00:57:13","Intel64 Family 6 Model 140 Stepping 1, GenuineIntel","NVIDIA GeForce MX350","SPP","cornell_box","CUDA","Binned SAH-BVH","1024x1024","1024x1024",32,4,30,171411773,33554432,75677348,62179993,909943496,2822934352,5.21167e+07,5.30852,16.4687,3.289,9.7294,95.3342,0,336,,,,
DateTime,CPU,GPU,BenchmarkType,Scene,ComputeBackend,AccelerationStructure,Resolution,TileSize,SPP,LightBounces,Triangles,Rays,PrimaryRays,SecondaryRays,ShadowRays,Traversals,Intersections,RaysPerSecond,NodesPerRay,IntersectionsPerRay,TotalElapsedSeconds,FPS,AvgKernelMs,AccStructBuildSeconds,AccStructMemoryBytes,RMSE,PSNR,QARmseThreshold,QAResult
"2026-05-14 00:57:44","Intel64 Family 6 Model 140 Stepping 1, GenuineIntel","NVIDIA GeForce MX350","SPP","cornell_box","SPIR-V","Binned SAH-BVH","1024x1024","1024x1024",32,4,30,171410894,33554432,75677157,62179305,909937389,2822908354,7.2601e+07,5.30852,16.4687,2.361,13.5536,68.9385,0,336,,,,
DateTime,CPU,GPU,BenchmarkType,Scene,ComputeBackend,AccelerationStructure,Resolution,TileSize,SPP,LightBounces,Triangles,Rays,PrimaryRays,SecondaryRays,ShadowRays,Traversals,Intersections,RaysPerSecond,NodesPerRay,IntersectionsPerRay,TotalElapsedSeconds,FPS,AvgKernelMs,AccStructBuildSeconds,AccStructMemoryBytes,RMSE,PSNR,QARmseThreshold,QAResult
"2026-05-14 00:58:16","Intel64 Family 6 Model 140 Stepping 1, GenuineIntel","NVIDIA GeForce MX350","SPP","cornell_box","CUDA","Binned SAH-BVH","1024x1024","1024x1024",32,4,30,171411773,33554432,75677348,62179993,909943496,2822934352,5.08188e+07,5.30852,16.4687,3.373,9.4871,97.4219,0,336,,,,
DateTime,CPU,GPU,BenchmarkType,Scene,ComputeBackend,AccelerationStructure,Resolution,TileSize,SPP,LightBounces,Triangles,Rays,PrimaryRays,SecondaryRays,ShadowRays,Traversals,Intersections,RaysPerSecond,NodesPerRay,IntersectionsPerRay,TotalElapsedSeconds,FPS,AvgKernelMs,AccStructBuildSeconds,AccStructMemoryBytes,RMSE,PSNR,QARmseThreshold,QAResult
"2026-05-16 17:23:57","Intel64 Family 6 Model 140 Stepping 1, GenuineIntel","NVIDIA GeForce MX350","SPP","cornell_box","CUDA","Binned SAH-BVH","1024x1024","1024x1024",32,4,30,14757395258967641292,14757395258967641292,14757395258967641292,14757395258967641292,14757395258967641292,14757395258967641292,1.41219e+19,1,1,1.045,30.622,-2.08037e+08,0,336,,,,
DateTime,CPU,GPU,BenchmarkType,Scene,ComputeBackend,AccelerationStructure,Resolution,TileSize,SPP,LightBounces,Triangles,Rays,PrimaryRays,SecondaryRays,ShadowRays,Traversals,Intersections,RaysPerSecond,NodesPerRay,IntersectionsPerRay,TotalElapsedSeconds,FPS,AvgKernelMs,AccStructBuildSeconds,AccStructMemoryBytes,RMSE,PSNR,QARmseThreshold,QAResult
"2026-05-16 17:28:38","Intel64 Family 6 Model 140 Stepping 1, GenuineIntel","NVIDIA GeForce MX350","SPP","cornell_box","CUDA","Binned SAH-BVH","1024x1024","1024x1024",32,4,30,171411773,33554432,75677348,62179993,909943496,2822934352,7.18105e+07,5.30852,16.4687,2.387,13.4059,68.2265,0,336,,,,
DateTime,CPU,GPU,BenchmarkType,Scene,ComputeBackend,AccelerationStructure,Resolution,TileSize,SPP,LightBounces,Triangles,Rays,PrimaryRays,SecondaryRays,ShadowRays,Traversals,Intersections,RaysPerSecond,NodesPerRay,IntersectionsPerRay,TotalElapsedSeconds,FPS,AvgKernelMs,AccStructBuildSeconds,AccStructMemoryBytes,RMSE,PSNR,QARmseThreshold,QAResult
"2026-05-16 17:31:18","Intel64 Family 6 Model 140 Stepping 1, GenuineIntel","NVIDIA GeForce MX350","SPP","cornell_box","SPIR-V","Binned SAH-BVH","1024x1024","1024x1024",32,4,30,171410625,33554432,75677200,62178993,909936677,2822909664,6.85917e+07,5.30852,16.4687,2.499,12.8051,72.3031,0,336,,,,
DateTime,CPU,GPU,BenchmarkType,Scene,ComputeBackend,AccelerationStructure,Resolution,TileSize,SPP,LightBounces,Triangles,Rays,PrimaryRays,SecondaryRays,ShadowRays,Traversals,Intersections,RaysPerSecond,NodesPerRay,IntersectionsPerRay,TotalElapsedSeconds,FPS,AvgKernelMs,AccStructBuildSeconds,AccStructMemoryBytes,RMSE,PSNR,QARmseThreshold,QAResult
"2026-05-16 17:31:45","Intel64 Family 6 Model 140 Stepping 1, GenuineIntel","NVIDIA GeForce MX350","SPP","cornell_box","CUDA","Binned SAH-BVH","1024x1024","1024x1024",32,4,30,171411773,33554432,75677348,62179993,909943496,2822934352,4.12941e+07,5.30852,16.4687,4.151,7.70899,117.009,0,336,,,,
DateTime,CPU,GPU,BenchmarkType,Scene,ComputeBackend,AccelerationStructure,Resolution,TileSize,SPP,LightBounces,Triangles,Rays,PrimaryRays,SecondaryRays,ShadowRays,Traversals,Intersections,RaysPerSecond,NodesPerRay,IntersectionsPerRay,TotalElapsedSeconds,FPS,AvgKernelMs,AccStructBuildSeconds,AccStructMemoryBytes,RMSE,PSNR,QARmseThreshold,QAResult
"2026-05-16 17:33:54","Intel64 Family 6 Model 140 Stepping 1, GenuineIntel","NVIDIA GeForce MX350","SPP","cornell_box","CUDA","Binned SAH-BVH","1024x1024","1024x1024",32,4,30,171411773,33554432,75677348,62179993,909943496,2822934352,7.36305e+07,5.30852,16.4687,2.328,13.7457,66.5722,0,336,,,,
DateTime,CPU,GPU,BenchmarkType,Scene,ComputeBackend,AccelerationStructure,Resolution,TileSize,SPP,LightBounces,Triangles,Rays,PrimaryRays,SecondaryRays,ShadowRays,Traversals,Intersections,RaysPerSecond,NodesPerRay,IntersectionsPerRay,TotalElapsedSeconds,FPS,AvgKernelMs,AccStructBuildSeconds,AccStructMemoryBytes,RMSE,PSNR,QARmseThreshold,QAResult
"2026-05-16 17:35:49","Intel64 Family 6 Model 140 Stepping 1, GenuineIntel","NVIDIA GeForce MX350","SPP","cornell_box","CUDA","Binned SAH-BVH","1024x1024","256x256",32,4,30,171411773,33554432,75677348,62179993,909943496,2822934352,7.22342e+07,5.30852,16.4687,2.373,13.485,68.1104,0,336,,,,
DateTime,CPU,GPU,BenchmarkType,Scene,ComputeBackend,AccelerationStructure,Resolution,TileSize,SPP,LightBounces,Triangles,Rays,PrimaryRays,SecondaryRays,ShadowRays,Traversals,Intersections,RaysPerSecond,NodesPerRay,IntersectionsPerRay,TotalElapsedSeconds,FPS,AvgKernelMs,AccStructBuildSeconds,AccStructMemoryBytes,RMSE,PSNR,QARmseThreshold,QAResult
"2026-05-16 17:46:24","Intel64 Family 6 Model 140 Stepping 1, GenuineIntel","NVIDIA GeForce MX350","SPP","cornell_box","CUDA","Binned SAH-BVH","1024x1024","256x256",32,4,30,171411773,33554432,75677348,62179993,909943496,2822934352,7.34727e+07,5.30852,16.4687,2.333,13.7162,67.0974,0,336,,,,
DateTime,CPU,GPU,BenchmarkType,Scene,ComputeBackend,AccelerationStructure,Resolution,TileSize,SPP,LightBounces,Triangles,Rays,PrimaryRays,SecondaryRays,ShadowRays,Traversals,Intersections,RaysPerSecond,NodesPerRay,IntersectionsPerRay,TotalElapsedSeconds,FPS,AvgKernelMs,AccStructBuildSeconds,AccStructMemoryBytes,RMSE,PSNR,QARmseThreshold,QAResult
"2026-05-16 17:47:50","Intel64 Family 6 Model 140 Stepping 1, GenuineIntel","NVIDIA GeForce MX350","SPP","cornell_box","SPIR-V","Binned SAH-BVH","1024x1024","256x256",32,4,30,171400686,33554432,75675859,62170395,909866967,2822610824,7.85881e+07,5.30842,16.4679,2.181,14.6722,63.8419,0,336,,,,
DateTime,CPU,GPU,BenchmarkType,Scene,ComputeBackend,AccelerationStructure,Resolution,TileSize,SPP,LightBounces,Triangles,Rays,PrimaryRays,SecondaryRays,ShadowRays,Traversals,Intersections,RaysPerSecond,NodesPerRay,IntersectionsPerRay,TotalElapsedSeconds,FPS,AvgKernelMs,AccStructBuildSeconds,AccStructMemoryBytes,RMSE,PSNR,QARmseThreshold,QAResult
"2026-05-16 18:02:10","Intel64 Family 6 Model 140 Stepping 1, GenuineIntel","NVIDIA GeForce MX350","SPP","cornell_box","SPIR-V","Binned SAH-BVH","1024x1024","256x256",32,4,30,171401019,33554432,75675882,62170705,909868766,2822616531,7.88776e+07,5.30842,16.4679,2.173,14.7262,63.6459,0,336,,,,
DateTime,CPU,GPU,BenchmarkType,Scene,ComputeBackend,AccelerationStructure,Resolution,TileSize,SPP,LightBounces,Triangles,Rays,PrimaryRays,SecondaryRays,ShadowRays,Traversals,Intersections,RaysPerSecond,NodesPerRay,IntersectionsPerRay,TotalElapsedSeconds,FPS,AvgKernelMs,AccStructBuildSeconds,AccStructMemoryBytes,RMSE,PSNR,QARmseThreshold,QAResult
"2026-05-16 18:02:32","Intel64 Family 6 Model 140 Stepping 1, GenuineIntel","NVIDIA GeForce MX350","SPP","cornell_box","CUDA","Binned SAH-BVH","1024x1024","256x256",32,4,30,171411773,33554432,75677348,62179993,909943496,2822934352,5.89652e+07,5.30852,16.4687,2.907,11.0079,83.671,0,336,,,,
DateTime,CPU,GPU,BenchmarkType,Scene,ComputeBackend,AccelerationStructure,Resolution,TileSize,SPP,LightBounces,Triangles,Rays,PrimaryRays,SecondaryRays,ShadowRays,Traversals,Intersections,RaysPerSecond,NodesPerRay,IntersectionsPerRay,TotalElapsedSeconds,FPS,AvgKernelMs,AccStructBuildSeconds,AccStructMemoryBytes,RMSE,PSNR,QARmseThreshold,QAResult
"2026-05-16 18:03:12","Intel64 Family 6 Model 140 Stepping 1, GenuineIntel","NVIDIA GeForce MX350","SPP","cornell_box","CUDA","Binned SAH-BVH","1024x1024","256x256",32,4,30,171411773,33554432,75677348,62179993,909943496,2822934352,7.414e+07,5.30852,16.4687,2.312,13.8408,66.3256,0,336,,,,
DateTime,CPU,GPU,BenchmarkType,Scene,ComputeBackend,AccelerationStructure,Resolution,TileSize,SPP,LightBounces,Triangles,Rays,PrimaryRays,SecondaryRays,ShadowRays,Traversals,Intersections,RaysPerSecond,NodesPerRay,IntersectionsPerRay,TotalElapsedSeconds,FPS,AvgKernelMs,AccStructBuildSeconds,AccStructMemoryBytes,RMSE,PSNR,QARmseThreshold,QAResult
"2026-05-16 18:04:24","Intel64 Family 6 Model 140 Stepping 1, GenuineIntel","NVIDIA GeForce MX350","SPP","cornell_box","CUDA","Binned SAH-BVH","1024x1024","1024x1024",32,4,30,171411773,33554432,75677348,62179993,909943496,2822934352,7.34412e+07,5.30852,16.4687,2.334,13.7104,66.9005,0,336,,,,
DateTime,CPU,GPU,BenchmarkType,Scene,ComputeBackend,AccelerationStructure,Resolution,TileSize,SPP,LightBounces,Triangles,Rays,PrimaryRays,SecondaryRays,ShadowRays,Traversals,Intersections,RaysPerSecond,NodesPerRay,IntersectionsPerRay,TotalElapsedSeconds,FPS,AvgKernelMs,AccStructBuildSeconds,AccStructMemoryBytes,RMSE,PSNR,QARmseThreshold,QAResult
"2026-05-16 18:09:19","Intel64 Family 6 Model 140 Stepping 1, GenuineIntel","NVIDIA GeForce MX350","SPP","dragon-cbx","CUDA","Binned SAH-BVH","1024x1024","1024x1024",32,4,871316,177411671,33554432,76721834,67135405,7032504299,9790006257,950469,39.6395,55.1824,186.657,0.171437,5645.64,12.747,14823216,,,,
DateTime,CPU,GPU,BenchmarkType,Scene,ComputeBackend,AccelerationStructure,Resolution,TileSize,SPP,LightBounces,Triangles,Rays,PrimaryRays,SecondaryRays,ShadowRays,Traversals,Intersections,RaysPerSecond,NodesPerRay,IntersectionsPerRay,TotalElapsedSeconds,FPS,AvgKernelMs,AccStructBuildSeconds,AccStructMemoryBytes,RMSE,PSNR,QARmseThreshold,QAResult
"2026-05-16 18:10:36","Intel64 Family 6 Model 140 Stepping 1, GenuineIntel","NVIDIA GeForce MX350","SPP","dragon-cbx","SPIR-V","Binned SAH-BVH","1024x1024","1024x1024",32,4,871316,0,0,0,0,0,0,0,0,0,4.234,7.55786,8.11152e+11,13.492,14823216,,,,
DateTime,CPU,GPU,BenchmarkType,Scene,ComputeBackend,AccelerationStructure,Resolution,TileSize,SPP,LightBounces,Triangles,Rays,PrimaryRays,SecondaryRays,ShadowRays,Traversals,Intersections,RaysPerSecond,NodesPerRay,IntersectionsPerRay,TotalElapsedSeconds,FPS,AvgKernelMs,AccStructBuildSeconds,AccStructMemoryBytes,RMSE,PSNR,QARmseThreshold,QAResult
"2026-05-16 18:11:29","Intel64 Family 6 Model 140 Stepping 1, GenuineIntel","NVIDIA GeForce MX350","SPP","dragon-cbx","SPIR-V","Binned SAH-BVH","1024x1024","256x256",32,4,871316,0,0,0,0,0,0,0,0,0,4.149,7.7127,8.11152e+11,12.945,14823216,,,,
DateTime,CPU,GPU,BenchmarkType,Scene,ComputeBackend,AccelerationStructure,Resolution,TileSize,SPP,LightBounces,Triangles,Rays,PrimaryRays,SecondaryRays,ShadowRays,Traversals,Intersections,RaysPerSecond,NodesPerRay,IntersectionsPerRay,TotalElapsedSeconds,FPS,AvgKernelMs,AccStructBuildSeconds,AccStructMemoryBytes,RMSE,PSNR,QARmseThreshold,QAResult
"2026-05-16 18:13:39","Intel64 Family 6 Model 140 Stepping 1, GenuineIntel","NVIDIA GeForce MX350","SPP","dragon-cbx","SPIR-V","Binned SAH-BVH","1024x1024","128x128",32,4,871316,0,0,0,0,0,0,0,0,0,33.61,0.952098,8.11152e+11,12.924,14823216,,,,
DateTime,CPU,GPU,BenchmarkType,Scene,ComputeBackend,AccelerationStructure,Resolution,TileSize,SPP,LightBounces,Triangles,Rays,PrimaryRays,SecondaryRays,ShadowRays,Traversals,Intersections,RaysPerSecond,NodesPerRay,IntersectionsPerRay,TotalElapsedSeconds,FPS,AvgKernelMs,AccStructBuildSeconds,AccStructMemoryBytes,RMSE,PSNR,QARmseThreshold,QAResult
"2026-05-16 18:15:01","Intel64 Family 6 Model 140 Stepping 1, GenuineIntel","NVIDIA GeForce MX350","SPP","dragon-cbx","SPIR-V","Binned SAH-BVH","1024x1024","64x64",32,4,871316,0,0,0,0,0,0,0,0,0,33.654,0.950853,8.11152e+11,12.992,14823216,,,,
DateTime,CPU,GPU,BenchmarkType,Scene,ComputeBackend,AccelerationStructure,Resolution,TileSize,SPP,LightBounces,Triangles,Rays,PrimaryRays,SecondaryRays,ShadowRays,Traversals,Intersections,RaysPerSecond,NodesPerRay,IntersectionsPerRay,TotalElapsedSeconds,FPS,AvgKernelMs,AccStructBuildSeconds,AccStructMemoryBytes,RMSE,PSNR,QARmseThreshold,QAResult
"2026-05-16 18:26:42","Intel64 Family 6 Model 140 Stepping 1, GenuineIntel","NVIDIA GeForce MX350","SPP","dragon-cbx","SPIR-V","Binned SAH-BVH","1024x1024","256x256",32,4,871316,177403893,33554432,76722472,67126989,4814092562,3531826752,2.41458e+06,27.1363,19.9084,73.472,0.43554,2227.05,13.229,14823216,,,,
DateTime,CPU,GPU,BenchmarkType,Scene,ComputeBackend,AccelerationStructure,Resolution,TileSize,SPP,LightBounces,Triangles,Rays,PrimaryRays,SecondaryRays,ShadowRays,Traversals,Intersections,RaysPerSecond,NodesPerRay,IntersectionsPerRay,TotalElapsedSeconds,FPS,AvgKernelMs,AccStructBuildSeconds,AccStructMemoryBytes,RMSE,PSNR,QARmseThreshold,QAResult
"2026-05-16 18:33:42","Intel64 Family 6 Model 140 Stepping 1, GenuineIntel","NVIDIA GeForce MX350","SPP","dragon-cbx","CUDA","Binned SAH-BVH","1024x1024","256x256",32,4,871316,177411671,33554432,76721834,67135405,7032504299,9790006257,969500,39.6395,55.1824,182.993,0.17487,5534.06,13.194,14823216,,,,
DateTime,CPU,GPU,BenchmarkType,Scene,ComputeBackend,AccelerationStructure,Resolution,TileSize,SPP,LightBounces,Triangles,Rays,PrimaryRays,SecondaryRays,ShadowRays,Traversals,Intersections,RaysPerSecond,NodesPerRay,IntersectionsPerRay,TotalElapsedSeconds,FPS,AvgKernelMs,AccStructBuildSeconds,AccStructMemoryBytes,RMSE,PSNR,QARmseThreshold,QAResult
"2026-05-27 13:58:00","Intel64 Family 6 Model 140 Stepping 1, GenuineIntel","NVIDIA GeForce MX350","SPP","sponza2","SPIR-V","Binned SAH-BVH","1024x1024","256x256",32,4,262205,123813314,33554432,90258882,0,10478086800,5899529093,3.75283e+06,84.6281,47.6486,32.992,0.969932,996.623,3.755,4230096,,,,
DateTime,CPU,GPU,BenchmarkType,Scene,ComputeBackend,AccelerationStructure,Resolution,TileSize,SPP,LightBounces,Triangles,Rays,PrimaryRays,SecondaryRays,ShadowRays,Traversals,Intersections,RaysPerSecond,NodesPerRay,IntersectionsPerRay,TotalElapsedSeconds,FPS,AvgKernelMs,AccStructBuildSeconds,AccStructMemoryBytes,RMSE,PSNR,QARmseThreshold,QAResult
"2026-05-27 14:00:19","Intel64 Family 6 Model 140 Stepping 1, GenuineIntel","NVIDIA GeForce MX350","SPP","sponza2","SPIR-V","Havran SAH-KdTree","1024x1024","256x256",32,4,262205,123814119,33554432,90259687,0,9670336418,6140719259,2.39222e+06,78.1037,49.5963,51.757,0.618274,1564.27,42.946,20117984,,,,
DateTime,CPU,GPU,BenchmarkType,Scene,ComputeBackend,AccelerationStructure,Resolution,TileSize,SPP,LightBounces,Triangles,Rays,PrimaryRays,SecondaryRays,ShadowRays,Traversals,Intersections,RaysPerSecond,NodesPerRay,IntersectionsPerRay,TotalElapsedSeconds,FPS,AvgKernelMs,AccStructBuildSeconds,AccStructMemoryBytes,RMSE,PSNR,QARmseThreshold,QAResult
"2026-05-27 14:02:13","Intel64 Family 6 Model 140 Stepping 1, GenuineIntel","NVIDIA GeForce MX350","SPP","sponza2","SPIR-V","Binned SAH-BVH","1024x1024","256x256",32,8,262205,188721325,33554432,155166893,0,15727914610,9012021845,3.22045e+06,83.3394,47.7531,58.601,0.546066,1770.06,5.134,4230096,,,,
DateTime,CPU,GPU,BenchmarkType,Scene,ComputeBackend,AccelerationStructure,Resolution,TileSize,SPP,LightBounces,Triangles,Rays,PrimaryRays,SecondaryRays,ShadowRays,Traversals,Intersections,RaysPerSecond,NodesPerRay,IntersectionsPerRay,TotalElapsedSeconds,FPS,AvgKernelMs,AccStructBuildSeconds,AccStructMemoryBytes,RMSE,PSNR,QARmseThreshold,QAResult
"2026-05-27 14:03:56","Intel64 Family 6 Model 140 Stepping 1, GenuineIntel","NVIDIA GeForce MX350","SPP","sponza2","SPIR-V","Binned SAH-BVH","1024x1024","256x256",32,16,262205,203937550,33554432,170383118,0,16910474363,9710806247,2.81569e+06,82.9199,47.6166,72.429,0.441812,2189.2,5.075,4230096,,,,
DateTime,CPU,GPU,BenchmarkType,Scene,ComputeBackend,AccelerationStructure,Resolution,TileSize,SPP,LightBounces,Triangles,Rays,PrimaryRays,SecondaryRays,ShadowRays,Traversals,Intersections,RaysPerSecond,NodesPerRay,IntersectionsPerRay,TotalElapsedSeconds,FPS,AvgKernelMs,AccStructBuildSeconds,AccStructMemoryBytes,RMSE,PSNR,QARmseThreshold,QAResult
"2026-05-27 14:05:33","Intel64 Family 6 Model 140 Stepping 1, GenuineIntel","NVIDIA GeForce MX350","SPP","sponza2","CUDA","Binned SAH-BVH","1024x1024","256x256",32,4,262205,123813482,33554432,90259050,0,10478065525,5899385862,2.99204e+06,84.6278,47.6474,41.381,0.773302,1248.5,4.373,4230096,,,,
DateTime,CPU,GPU,BenchmarkType,Scene,ComputeBackend,AccelerationStructure,Resolution,TileSize,SPP,LightBounces,Triangles,Rays,PrimaryRays,SecondaryRays,ShadowRays,Traversals,Intersections,RaysPerSecond,NodesPerRay,IntersectionsPerRay,TotalElapsedSeconds,FPS,AvgKernelMs,AccStructBuildSeconds,AccStructMemoryBytes,RMSE,PSNR,QARmseThreshold,QAResult
"2026-05-27 14:06:44","Intel64 Family 6 Model 140 Stepping 1, GenuineIntel","NVIDIA GeForce MX350","SPP","sponza2","SPIR-V","Binned SAH-BVH","1024x1024","256x256",32,4,262205,123813326,33554432,90258894,0,10478080870,5899524418,3.83038e+06,84.6281,47.6485,32.324,0.989976,974.597,4.17,4230096,,,,
DateTime,CPU,GPU,BenchmarkType,Scene,ComputeBackend,AccelerationStructure,Resolution,TileSize,SPP,LightBounces,Triangles,Rays,PrimaryRays,SecondaryRays,ShadowRays,Traversals,Intersections,RaysPerSecond,NodesPerRay,IntersectionsPerRay,TotalElapsedSeconds,FPS,AvgKernelMs,AccStructBuildSeconds,AccStructMemoryBytes,RMSE,PSNR,QARmseThreshold,QAResult
"2026-05-27 14:08:00","Intel64 Family 6 Model 140 Stepping 1, GenuineIntel","NVIDIA GeForce MX350","SPP","sponza2","SPIR-V","Binned SAH-BVH4","1024x1024","256x256",32,4,262205,123813279,33554432,90258847,0,6477611370,6011506540,2.95082e+06,52.3176,48.553,41.959,0.762649,1268.34,4.193,10509440,,,,
DateTime,CPU,GPU,BenchmarkType,Scene,ComputeBackend,AccelerationStructure,Resolution,TileSize,SPP,LightBounces,Triangles,Rays,PrimaryRays,SecondaryRays,ShadowRays,Traversals,Intersections,RaysPerSecond,NodesPerRay,IntersectionsPerRay,TotalElapsedSeconds,FPS,AvgKernelMs,AccStructBuildSeconds,AccStructMemoryBytes,RMSE,PSNR,QARmseThreshold,QAResult
"2026-05-27 14:12:41","Intel64 Family 6 Model 140 Stepping 1, GenuineIntel","NVIDIA GeForce MX350","SPP","sponza2","SPIR-V","Binned SAH-BVH","1024x1024","256x256",32,12,262205,315351949,33554432,281797517,0,25651740419,14886765943,3.19522e+06,81.3432,47.2068,98.695,0.324231,2984.97,4.46,4230096,,,,
DateTime,CPU,GPU,BenchmarkType,Scene,ComputeBackend,AccelerationStructure,Resolution,TileSize,SPP,LightBounces,Triangles,Rays,PrimaryRays,SecondaryRays,ShadowRays,Traversals,Intersections,RaysPerSecond,NodesPerRay,IntersectionsPerRay,TotalElapsedSeconds,FPS,AvgKernelMs,AccStructBuildSeconds,AccStructMemoryBytes,RMSE,PSNR,QARmseThreshold,QAResult
"2026-05-27 14:19:46","Intel64 Family 6 Model 140 Stepping 1, GenuineIntel","NVIDIA GeForce MX350","SPP","sponza2","SPIR-V","Binned SAH-BVH","1024x1024","256x256",32,8,262205,188720932,33554432,155166500,0,15727880475,9011987635,3.34386e+06,83.3394,47.753,56.438,0.566994,1705.77,4.703,4230096,,,,
DateTime,CPU,GPU,BenchmarkType,Scene,ComputeBackend,AccelerationStructure,Resolution,TileSize,SPP,LightBounces,Triangles,Rays,PrimaryRays,SecondaryRays,ShadowRays,Traversals,Intersections,RaysPerSecond,NodesPerRay,IntersectionsPerRay,TotalElapsedSeconds,FPS,AvgKernelMs,AccStructBuildSeconds,AccStructMemoryBytes,RMSE,PSNR,QARmseThreshold,QAResult
"2026-05-27 14:37:14","Intel64 Family 6 Model 140 Stepping 1, GenuineIntel","NVIDIA GeForce MX350","SPP","sponza2","SPIR-V","Binned SAH-BVH","1024x1024","256x256",128,32,262205,1131178110,134217728,996960382,0,92484583375,53561310576,3.07253e+06,81.7595,47.35,368.159,0.347676,2850.44,3.49,4230096,,,,
DateTime,CPU,GPU,BenchmarkType,Scene,ComputeBackend,AccelerationStructure,Resolution,TileSize,SPP,LightBounces,Triangles,Rays,PrimaryRays,SecondaryRays,ShadowRays,Traversals,Intersections,RaysPerSecond,NodesPerRay,IntersectionsPerRay,TotalElapsedSeconds,FPS,AvgKernelMs,AccStructBuildSeconds,AccStructMemoryBytes,RMSE,PSNR,QARmseThreshold,QAResult
"2026-05-27 14:39:37","Intel64 Family 6 Model 140 Stepping 1, GenuineIntel","NVIDIA GeForce MX350","SPP","sponza2","SPIR-V","Binned SAH-BVH","1024x1024","256x256",128,32,262205,0,0,0,0,0,0,0,0,0,18.418,6.94972,2.02773e+11,3.515,4230096,,,,
DateTime,CPU,GPU,BenchmarkType,Scene,ComputeBackend,AccelerationStructure,Resolution,TileSize,SPP,LightBounces,Triangles,Rays,PrimaryRays,SecondaryRays,ShadowRays,Traversals,Intersections,RaysPerSecond,NodesPerRay,IntersectionsPerRay,TotalElapsedSeconds,FPS,AvgKernelMs,AccStructBuildSeconds,AccStructMemoryBytes,RMSE,PSNR,QARmseThreshold,QAResult
"2026-05-27 14:41:51","Intel64 Family 6 Model 140 Stepping 1, GenuineIntel","NVIDIA GeForce MX350","SPP","sponza2","SPIR-V","Binned SAH-BVH","1024x1024","64x64",128,32,262205,0,0,0,0,0,0,0,0,0,18.159,7.04885,2.02773e+11,3.455,4230096,,,,
DateTime,CPU,GPU,BenchmarkType,Scene,ComputeBackend,AccelerationStructure,Resolution,TileSize,SPP,LightBounces,Triangles,Rays,PrimaryRays,SecondaryRays,ShadowRays,Traversals,Intersections,RaysPerSecond,NodesPerRay,IntersectionsPerRay,TotalElapsedSeconds,FPS,AvgKernelMs,AccStructBuildSeconds,AccStructMemoryBytes,RMSE,PSNR,QARmseThreshold,QAResult
"2026-05-28 10:29:23","Intel64 Family 6 Model 140 Stepping 1, GenuineIntel","NVIDIA GeForce MX350","SPP","cornell_box","SPIR-V","Binned SAH-BVH","1024x1024","256x256",32,4,30,171400829,33554432,75676020,62170377,909868843,2822622053,8.28424e+07,5.30843,16.468,2.069,15.4664,60.2319,0,336,,,,
DateTime,CPU,GPU,BenchmarkType,Scene,ComputeBackend,AccelerationStructure,Resolution,TileSize,SPP,LightBounces,Triangles,Rays,PrimaryRays,SecondaryRays,ShadowRays,Traversals,Intersections,RaysPerSecond,NodesPerRay,IntersectionsPerRay,TotalElapsedSeconds,FPS,AvgKernelMs,AccStructBuildSeconds,AccStructMemoryBytes,RMSE,PSNR,QARmseThreshold,QAResult
"2026-05-28 10:42:26","Intel64 Family 6 Model 140 Stepping 1, GenuineIntel","NVIDIA GeForce MX350","SPP","cornell_box","SPIR-V","Binned SAH-BVH","1024x1024","256x256",32,4,30,171401827,33554432,75676063,62171332,909873542,2822633654,8.27229e+07,5.30842,16.4679,2.072,15.444,60.5669,0,336,,,,
DateTime,CPU,GPU,BenchmarkType,Scene,ComputeBackend,AccelerationStructure,Resolution,TileSize,SPP,LightBounces,Triangles,Rays,PrimaryRays,SecondaryRays,ShadowRays,Traversals,Intersections,RaysPerSecond,NodesPerRay,IntersectionsPerRay,TotalElapsedSeconds,FPS,AvgKernelMs,AccStructBuildSeconds,AccStructMemoryBytes,RMSE,PSNR,QARmseThreshold,QAResult
"2026-05-28 10:51:04","Intel64 Family 6 Model 140 Stepping 1, GenuineIntel","NVIDIA GeForce MX350","SPP","cornell_box","SPIR-V","Binned SAH-BVH","1024x1024","256x256",32,4,30,171402067,33554432,75676381,62171254,909874488,2822635124,8.24445e+07,5.30842,16.4679,2.079,15.392,60.7846,0,336,,,,
DateTime,CPU,GPU,BenchmarkType,Scene,ComputeBackend,AccelerationStructure,Resolution,TileSize,SPP,LightBounces,Triangles,Rays,PrimaryRays,SecondaryRays,ShadowRays,Traversals,Intersections,RaysPerSecond,NodesPerRay,IntersectionsPerRay,TotalElapsedSeconds,FPS,AvgKernelMs,AccStructBuildSeconds,AccStructMemoryBytes,RMSE,PSNR,QARmseThreshold,QAResult
"2026-05-28 10:52:19","Intel64 Family 6 Model 140 Stepping 1, GenuineIntel","NVIDIA GeForce MX350","SPP","cornell_box","SPIR-V","Binned SAH-BVH","1024x1024","256x256",32,4,30,171401952,33554432,75676594,62170926,909874662,2822639410,8.28029e+07,5.30843,16.468,2.07,15.4589,60.5076,0,336,,,,
DateTime,CPU,GPU,BenchmarkType,Scene,ComputeBackend,AccelerationStructure,Resolution,TileSize,SPP,LightBounces,Triangles,Rays,PrimaryRays,SecondaryRays,ShadowRays,Traversals,Intersections,RaysPerSecond,NodesPerRay,IntersectionsPerRay,TotalElapsedSeconds,FPS,AvgKernelMs,AccStructBuildSeconds,AccStructMemoryBytes,RMSE,PSNR,QARmseThreshold,QAResult
"2026-05-28 10:55:51","Intel64 Family 6 Model 140 Stepping 1, GenuineIntel","NVIDIA GeForce MX350","SPP","cornell_box","SPIR-V","Binned SAH-BVH","1024x1024","256x256",32,4,30,171402150,33554432,75676617,62171101,909874982,2822636990,8.29633e+07,5.30842,16.4679,2.066,15.4889,60.3796,0,336,,,,
DateTime,CPU,GPU,BenchmarkType,Scene,ComputeBackend,AccelerationStructure,Resolution,TileSize,SPP,LightBounces,Triangles,Rays,PrimaryRays,SecondaryRays,ShadowRays,Traversals,Intersections,RaysPerSecond,NodesPerRay,IntersectionsPerRay,TotalElapsedSeconds,FPS,AvgKernelMs,AccStructBuildSeconds,AccStructMemoryBytes,RMSE,PSNR,QARmseThreshold,QAResult
"2026-05-28 10:56:01","Intel64 Family 6 Model 140 Stepping 1, GenuineIntel","NVIDIA GeForce MX350","IMGREF","cornell_box","CUDA","Binned SAH-BVH","1024x1024","256x256",64,12,30,0,0,0,0,0,0,0,0,0,8.094,7.90709,120.758,0,336,0.918128,27.070404,0.920000,"PASS"
DateTime,CPU,GPU,BenchmarkType,Scene,ComputeBackend,AccelerationStructure,Resolution,TileSize,SPP,LightBounces,Triangles,Rays,PrimaryRays,SecondaryRays,ShadowRays,Traversals,Intersections,RaysPerSecond,NodesPerRay,IntersectionsPerRay,TotalElapsedSeconds,FPS,AvgKernelMs,AccStructBuildSeconds,AccStructMemoryBytes,RMSE,PSNR,QARmseThreshold,QAResult
"2026-05-28 10:56:45","Intel64 Family 6 Model 140 Stepping 1, GenuineIntel","NVIDIA GeForce MX350","SPP","cornell_box","SPIR-V","Binned SAH-BVH","1024x1024","256x256",32,4,30,171402453,33554432,75676518,62171503,909876954,2822644805,8.32051e+07,5.30842,16.4679,2.06,15.534,60.2123,0,336,,,,
DateTime,CPU,GPU,BenchmarkType,Scene,ComputeBackend,AccelerationStructure,Resolution,TileSize,SPP,LightBounces,Triangles,Rays,PrimaryRays,SecondaryRays,ShadowRays,Traversals,Intersections,RaysPerSecond,NodesPerRay,IntersectionsPerRay,TotalElapsedSeconds,FPS,AvgKernelMs,AccStructBuildSeconds,AccStructMemoryBytes,RMSE,PSNR,QARmseThreshold,QAResult
"2026-05-28 10:56:54","Intel64 Family 6 Model 140 Stepping 1, GenuineIntel","NVIDIA GeForce MX350","IMGREF","cornell_box","SPIR-V","Binned SAH-BVH","1024x1024","256x256",64,12,30,0,0,0,0,0,0,0,0,0,7.392,8.65801,111.473,0,336,0.919444,27.057962,0.920000,"PASS"
DateTime,CPU,GPU,BenchmarkType,Scene,ComputeBackend,AccelerationStructure,Resolution,TileSize,SPP,LightBounces,Triangles,Rays,PrimaryRays,SecondaryRays,ShadowRays,Traversals,Intersections,RaysPerSecond,NodesPerRay,IntersectionsPerRay,TotalElapsedSeconds,FPS,AvgKernelMs,AccStructBuildSeconds,AccStructMemoryBytes,RMSE,PSNR,QARmseThreshold,QAResult
"2026-05-30 17:13:57","Intel64 Family 6 Model 140 Stepping 1, GenuineIntel","NVIDIA GeForce MX350","SPP","cornell_box","SPIR-V","Binned SAH-BVH","1024x1024","256x256",32,4,30,171402481,33554432,75676606,62171443,909877332,2822647082,7.78041e+07,5.30843,16.4679,2.203,14.5256,64.3767,0,336,,,,
DateTime,CPU,GPU,BenchmarkType,Scene,ComputeBackend,AccelerationStructure,Resolution,TileSize,SPP,LightBounces,Triangles,Rays,PrimaryRays,SecondaryRays,ShadowRays,Traversals,Intersections,RaysPerSecond,NodesPerRay,IntersectionsPerRay,TotalElapsedSeconds,FPS,AvgKernelMs,AccStructBuildSeconds,AccStructMemoryBytes,RMSE,PSNR,QARmseThreshold,QAResult
"2026-05-30 17:14:07","Intel64 Family 6 Model 140 Stepping 1, GenuineIntel","NVIDIA GeForce MX350","IMGREF","cornell_box","SPIR-V","Binned SAH-BVH","1024x1024","256x256",64,12,30,0,0,0,0,0,0,0,0,0,9.44,6.77966,143.067,0,336,0.919444,27.057955,0.920000,"PASS"
DateTime,CPU,GPU,BenchmarkType,Scene,ComputeBackend,AccelerationStructure,Resolution,TileSize,SPP,LightBounces,Triangles,Rays,PrimaryRays,SecondaryRays,ShadowRays,Traversals,Intersections,RaysPerSecond,NodesPerRay,IntersectionsPerRay,TotalElapsedSeconds,FPS,AvgKernelMs,AccStructBuildSeconds,AccStructMemoryBytes,RMSE,PSNR,QARmseThreshold,QAResult
"2026-06-04 14:48:12","Intel64 Family 6 Model 140 Stepping 1, GenuineIntel","NVIDIA GeForce MX350","SPP","sponza2","CUDA","Havran SAH-KdTree","1024x1024","64x64",128,32,262205,1287617895,134217728,1153400167,0,88564219882,66732105737,1.83853e+06,68.7814,51.826,700.353,0.182765,5417.33,32.949,20117984,,,,
DateTime,CPU,GPU,BenchmarkType,Scene,ComputeBackend,AccelerationStructure,Resolution,TileSize,SPP,LightBounces,Triangles,Rays,PrimaryRays,SecondaryRays,ShadowRays,Traversals,Intersections,RaysPerSecond,NodesPerRay,IntersectionsPerRay,TotalElapsedSeconds,FPS,AvgKernelMs,AccStructBuildSeconds,AccStructMemoryBytes,RMSE,PSNR,QARmseThreshold,QAResult
"2026-06-04 15:08:40","Intel64 Family 6 Model 140 Stepping 1, GenuineIntel","NVIDIA GeForce MX350","SPP","sponza2","CUDA","Binned SAH-BVH","1024x1024","64x64",128,32,262205,825248117,134217728,691030389,0,68366342270,39270406437,2.64238e+06,82.8434,47.5862,312.313,0.409845,2413.68,3.688,4230096,,,,
DateTime,CPU,GPU,BenchmarkType,Scene,ComputeBackend,AccelerationStructure,Resolution,TileSize,SPP,LightBounces,Triangles,Rays,PrimaryRays,SecondaryRays,ShadowRays,Traversals,Intersections,RaysPerSecond,NodesPerRay,IntersectionsPerRay,TotalElapsedSeconds,FPS,AvgKernelMs,AccStructBuildSeconds,AccStructMemoryBytes,RMSE,PSNR,QARmseThreshold,QAResult
"2026-06-04 15:27:26","Intel64 Family 6 Model 140 Stepping 1, GenuineIntel","NVIDIA GeForce MX350","SPP","sponza2","CUDA","Binned SAH-BVH","1024x1024","64x64",64,32,262205,67108864,67108864,0,0,5416398018,2727170126,8.24737e+06,80.7106,40.638,8.137,7.86531,122.514,3.759,4230096,,,,
DateTime,CPU,GPU,BenchmarkType,Scene,ComputeBackend,AccelerationStructure,Resolution,TileSize,SPP,LightBounces,Triangles,Rays,PrimaryRays,SecondaryRays,ShadowRays,Traversals,Intersections,RaysPerSecond,NodesPerRay,IntersectionsPerRay,TotalElapsedSeconds,FPS,AvgKernelMs,AccStructBuildSeconds,AccStructMemoryBytes,RMSE,PSNR,QARmseThreshold,QAResult
"2026-06-04 15:29:43","Intel64 Family 6 Model 140 Stepping 1, GenuineIntel","NVIDIA GeForce MX350","SPP","sponza2","CUDA","Binned SAH-BVH","1024x1024","64x64",64,32,262205,67108864,67108864,0,0,5416398018,2727170126,8.37604e+06,80.7106,40.638,8.012,7.98802,120.718,3.569,4230096,,,,
DateTime,CPU,GPU,BenchmarkType,Scene,ComputeBackend,AccelerationStructure,Resolution,TileSize,SPP,LightBounces,Triangles,Rays,PrimaryRays,SecondaryRays,ShadowRays,Traversals,Intersections,RaysPerSecond,NodesPerRay,IntersectionsPerRay,TotalElapsedSeconds,FPS,AvgKernelMs,AccStructBuildSeconds,AccStructMemoryBytes,RMSE,PSNR,QARmseThreshold,QAResult
"2026-06-04 15:34:38","Intel64 Family 6 Model 140 Stepping 1, GenuineIntel","NVIDIA GeForce MX350","SPP","sponza2","CUDA","Binned SAH-BVH","1024x1024","64x64",64,32,262205,130415108,67108864,0,63306244,10569430983,5754524996,5.00826e+06,81.0445,44.1247,26.04,2.45776,395.735,3.528,4230096,,,,
DateTime,CPU,GPU,BenchmarkType,Scene,ComputeBackend,AccelerationStructure,Resolution,TileSize,SPP,LightBounces,Triangles,Rays,PrimaryRays,SecondaryRays,ShadowRays,Traversals,Intersections,RaysPerSecond,NodesPerRay,IntersectionsPerRay,TotalElapsedSeconds,FPS,AvgKernelMs,AccStructBuildSeconds,AccStructMemoryBytes,RMSE,PSNR,QARmseThreshold,QAResult
"2026-06-04 15:39:09","Intel64 Family 6 Model 140 Stepping 1, GenuineIntel","NVIDIA GeForce MX350","SPP","sponza2","CUDA","Binned SAH-BVH","1024x1024","64x64",64,32,262205,67108864,67108864,0,0,5416398018,2727170126,8.33754e+06,80.7106,40.638,8.049,7.9513,120.934,3.547,4230096,,,,
DateTime,CPU,GPU,BenchmarkType,Scene,ComputeBackend,AccelerationStructure,Resolution,TileSize,SPP,LightBounces,Triangles,Rays,PrimaryRays,SecondaryRays,ShadowRays,Traversals,Intersections,RaysPerSecond,NodesPerRay,IntersectionsPerRay,TotalElapsedSeconds,FPS,AvgKernelMs,AccStructBuildSeconds,AccStructMemoryBytes,RMSE,PSNR,QARmseThreshold,QAResult
"2026-06-04 15:46:02","Intel64 Family 6 Model 140 Stepping 1, GenuineIntel","NVIDIA GeForce MX350","SPP","sponza2","CUDA","Binned SAH-BVH","1024x1024","64x64",64,32,262205,130415108,67108864,0,63306244,10569430983,5754524996,4.98586e+06,81.0445,44.1247,26.157,2.44676,399.466,3.541,4230096,,,,
DateTime,CPU,GPU,BenchmarkType,Scene,ComputeBackend,AccelerationStructure,Resolution,TileSize,SPP,LightBounces,Triangles,Rays,PrimaryRays,SecondaryRays,ShadowRays,Traversals,Intersections,RaysPerSecond,NodesPerRay,IntersectionsPerRay,TotalElapsedSeconds,FPS,AvgKernelMs,AccStructBuildSeconds,AccStructMemoryBytes,RMSE,PSNR,QARmseThreshold,QAResult
"2026-06-04 16:04:04","Intel64 Family 6 Model 140 Stepping 1, GenuineIntel","NVIDIA GeForce MX350","SPP","sponza2","CUDA","Binned SAH-BVH","1024x1024","64x64",64,32,262205,102734562,67108864,0,35625698,8719205564,4633636821,4.08309e+06,84.8712,45.103,25.161,2.54362,384.305,3.556,4230096,,,,
DateTime,CPU,GPU,BenchmarkType,Scene,ComputeBackend,AccelerationStructure,Resolution,TileSize,SPP,LightBounces,Triangles,Rays,PrimaryRays,SecondaryRays,ShadowRays,Traversals,Intersections,RaysPerSecond,NodesPerRay,IntersectionsPerRay,TotalElapsedSeconds,FPS,AvgKernelMs,AccStructBuildSeconds,AccStructMemoryBytes,RMSE,PSNR,QARmseThreshold,QAResult
"2026-06-04 16:09:52","Intel64 Family 6 Model 140 Stepping 1, GenuineIntel","NVIDIA GeForce MX350","SPP","sponza2","CUDA","Binned SAH-BVH","1024x1024","64x64",64,32,262205,104101098,67108864,0,36992234,8966061858,4854442209,4.39709e+06,86.1284,46.632,23.675,2.70327,360.724,3.607,4230096,,,,
DateTime,CPU,GPU,BenchmarkType,Scene,ComputeBackend,AccelerationStructure,Resolution,TileSize,SPP,LightBounces,Triangles,Rays,PrimaryRays,SecondaryRays,ShadowRays,Traversals,Intersections,RaysPerSecond,NodesPerRay,IntersectionsPerRay,TotalElapsedSeconds,FPS,AvgKernelMs,AccStructBuildSeconds,AccStructMemoryBytes,RMSE,PSNR,QARmseThreshold,QAResult
"2026-06-04 16:26:55","Intel64 Family 6 Model 140 Stepping 1, GenuineIntel","NVIDIA GeForce MX350","SPP","sponza2","CUDA","Binned SAH-BVH","1024x1024","64x64",64,32,262205,710509530,67108864,369308308,274092358,62790359700,38496328532,2.02034e+06,88.3737,54.1813,351.678,0.181985,5405.93,3.589,4230096,,,,
DateTime,CPU,GPU,BenchmarkType,Scene,ComputeBackend,AccelerationStructure,Resolution,TileSize,SPP,LightBounces,Triangles,Rays,PrimaryRays,SecondaryRays,ShadowRays,Traversals,Intersections,RaysPerSecond,NodesPerRay,IntersectionsPerRay,TotalElapsedSeconds,FPS,AvgKernelMs,AccStructBuildSeconds,AccStructMemoryBytes,RMSE,PSNR,QARmseThreshold,QAResult
"2026-06-04 16:29:15","Intel64 Family 6 Model 140 Stepping 1, GenuineIntel","NVIDIA GeForce MX350","SPP","sibenik2","CUDA","Binned SAH-BVH","1024x1024","64x64",64,16,71082,512967183,67108864,351579837,94278482,19161884385,8687663066,5.0599e+06,37.355,16.9361,101.379,0.631294,1554.55,0.821,1191408,,,,
DateTime,CPU,GPU,BenchmarkType,Scene,ComputeBackend,AccelerationStructure,Resolution,TileSize,SPP,LightBounces,Triangles,Rays,PrimaryRays,SecondaryRays,ShadowRays,Traversals,Intersections,RaysPerSecond,NodesPerRay,IntersectionsPerRay,TotalElapsedSeconds,FPS,AvgKernelMs,AccStructBuildSeconds,AccStructMemoryBytes,RMSE,PSNR,QARmseThreshold,QAResult
"2026-06-04 17:49:10","Intel64 Family 6 Model 140 Stepping 1, GenuineIntel","NVIDIA GeForce MX350","SPP","cornell_box","SPIR-V","Havran SAH-KdTree","1024x1024","256x256",64,8,30,446231587,67108864,215666440,163456283,2246231230,8568410145,3.33158e+07,5.03378,19.2017,13.394,4.77826,203.724,0,352,,,,
DateTime,CPU,GPU,BenchmarkType,Scene,ComputeBackend,AccelerationStructure,Resolution,TileSize,SPP,LightBounces,Triangles,Rays,PrimaryRays,SecondaryRays,ShadowRays,Traversals,Intersections,RaysPerSecond,NodesPerRay,IntersectionsPerRay,TotalElapsedSeconds,FPS,AvgKernelMs,AccStructBuildSeconds,AccStructMemoryBytes,RMSE,PSNR,QARmseThreshold,QAResult
"2026-06-04 17:49:46","Intel64 Family 6 Model 140 Stepping 1, GenuineIntel","NVIDIA GeForce MX350","SPP","cornell_box","SPIR-V","Binned SAH-BVH","1024x1024","256x256",64,8,30,446226896,67108864,215664060,163453972,2377702304,7419979009,6.43256e+07,5.32846,16.6283,6.937,9.22589,104.489,0,336,,,,
DateTime,CPU,GPU,BenchmarkType,Scene,ComputeBackend,AccelerationStructure,Resolution,TileSize,SPP,LightBounces,Triangles,Rays,PrimaryRays,SecondaryRays,ShadowRays,Traversals,Intersections,RaysPerSecond,NodesPerRay,IntersectionsPerRay,TotalElapsedSeconds,FPS,AvgKernelMs,AccStructBuildSeconds,AccStructMemoryBytes,RMSE,PSNR,QARmseThreshold,QAResult
"2026-06-04 17:56:20","Intel64 Family 6 Model 140 Stepping 1, GenuineIntel","NVIDIA GeForce MX350","SPP","cornell_box","SPIR-V","Havran SAH-KdTree","1024x1024","256x256",64,8,30,446232269,67108864,215667039,163456366,2246231038,8568422565,3.33582e+07,5.03377,19.2017,13.377,4.78433,203.492,0,352,,,,
DateTime,CPU,GPU,BenchmarkType,Scene,ComputeBackend,AccelerationStructure,Resolution,TileSize,SPP,LightBounces,Triangles,Rays,PrimaryRays,SecondaryRays,ShadowRays,Traversals,Intersections,RaysPerSecond,NodesPerRay,IntersectionsPerRay,TotalElapsedSeconds,FPS,AvgKernelMs,AccStructBuildSeconds,AccStructMemoryBytes,RMSE,PSNR,QARmseThreshold,QAResult
"2026-06-04 17:57:00","Intel64 Family 6 Model 140 Stepping 1, GenuineIntel","NVIDIA GeForce MX350","SPP","cornell_box","SPIR-V","Binned SAH-BVH","1024x1024","256x256",64,8,30,446230864,67108864,215666128,163455872,2377725739,7420063365,6.42799e+07,5.32847,16.6283,6.942,9.21924,104.669,0,336,,,,
DateTime,CPU,GPU,BenchmarkType,Scene,ComputeBackend,AccelerationStructure,Resolution,TileSize,SPP,LightBounces,Triangles,Rays,PrimaryRays,SecondaryRays,ShadowRays,Traversals,Intersections,RaysPerSecond,NodesPerRay,IntersectionsPerRay,TotalElapsedSeconds,FPS,AvgKernelMs,AccStructBuildSeconds,AccStructMemoryBytes,RMSE,PSNR,QARmseThreshold,QAResult
"2026-06-04 18:00:39","Intel64 Family 6 Model 140 Stepping 1, GenuineIntel","NVIDIA GeForce MX350","SPP","cornell_box","SPIR-V","Havran SAH-KdTree","1024x1024","256x256",64,8,30,446232415,67108864,215667228,163456323,446232415,13386972450,5.85223e+07,1,30,7.625,8.39344,115.061,0,32,,,,
DateTime,CPU,GPU,BenchmarkType,Scene,ComputeBackend,AccelerationStructure,Resolution,TileSize,SPP,LightBounces,Triangles,Rays,PrimaryRays,SecondaryRays,ShadowRays,Traversals,Intersections,RaysPerSecond,NodesPerRay,IntersectionsPerRay,TotalElapsedSeconds,FPS,AvgKernelMs,AccStructBuildSeconds,AccStructMemoryBytes,RMSE,PSNR,QARmseThreshold,QAResult
"2026-06-04 18:02:07","Intel64 Family 6 Model 140 Stepping 1, GenuineIntel","NVIDIA GeForce MX350","SPP","sponza2","SPIR-V","Havran SAH-KdTree","1024x1024","64x64",32,8,262205,0,0,0,0,0,0,0,0,0,2.446,13.0826,0,23.832,3200160,,,,
DateTime,CPU,GPU,BenchmarkType,Scene,ComputeBackend,AccelerationStructure,Resolution,TileSize,SPP,LightBounces,Triangles,Rays,PrimaryRays,SecondaryRays,ShadowRays,Traversals,Intersections,RaysPerSecond,NodesPerRay,IntersectionsPerRay,TotalElapsedSeconds,FPS,AvgKernelMs,AccStructBuildSeconds,AccStructMemoryBytes,RMSE,PSNR,QARmseThreshold,QAResult
"2026-06-04 18:05:11","Intel64 Family 6 Model 140 Stepping 1, GenuineIntel","NVIDIA GeForce MX350","SPP","sponza2","SPIR-V","Binned SAH-BVH","1024x1024","64x64",32,8,262205,323114910,33554432,164619365,124941113,28737625708,17608735209,2.93703e+06,88.9393,54.4968,110.014,0.290872,3324.42,3.553,4230096,,,,
DateTime,CPU,GPU,BenchmarkType,Scene,ComputeBackend,AccelerationStructure,Resolution,TileSize,SPP,LightBounces,Triangles,Rays,PrimaryRays,SecondaryRays,ShadowRays,Traversals,Intersections,RaysPerSecond,NodesPerRay,IntersectionsPerRay,TotalElapsedSeconds,FPS,AvgKernelMs,AccStructBuildSeconds,AccStructMemoryBytes,RMSE,PSNR,QARmseThreshold,QAResult
"2026-06-04 18:06:47","Intel64 Family 6 Model 140 Stepping 1, GenuineIntel","NVIDIA GeForce MX350","SPP","sponza2","SPIR-V","Havran SAH-KdTree","1024x1024","256x256",32,8,262205,0,0,0,0,0,0,0,0,0,2.388,13.4003,0,28.64,8708576,,,,
DateTime,CPU,GPU,BenchmarkType,Scene,ComputeBackend,AccelerationStructure,Resolution,TileSize,SPP,LightBounces,Triangles,Rays,PrimaryRays,SecondaryRays,ShadowRays,Traversals,Intersections,RaysPerSecond,NodesPerRay,IntersectionsPerRay,TotalElapsedSeconds,FPS,AvgKernelMs,AccStructBuildSeconds,AccStructMemoryBytes,AccStructHeight,RMSE,PSNR,QARmseThreshold,QAResult
"2026-06-05 13:47:07","Intel64 Family 6 Model 140 Stepping 1, GenuineIntel","NVIDIA GeForce MX350","SPP","sponza2","SPIR-V","Havran SAH-KdTree","1024x1024","32x32",64,8,262205,0,0,0,0,0,0,0,0,0,2.424,26.4026,0,33.006,20117984,50,,,,
DateTime,CPU,GPU,BenchmarkType,Scene,ComputeBackend,AccelerationStructure,Resolution,TileSize,SPP,LightBounces,Triangles,Rays,PrimaryRays,SecondaryRays,ShadowRays,Traversals,Intersections,RaysPerSecond,NodesPerRay,IntersectionsPerRay,TotalElapsedSeconds,FPS,AvgKernelMs,AccStructBuildSeconds,AccStructMemoryBytes,AccStructHeight,RMSE,PSNR,QARmseThreshold,QAResult
"2026-06-05 13:47:54","Intel64 Family 6 Model 140 Stepping 1, GenuineIntel","NVIDIA GeForce MX350","SPP","sponza2","SPIR-V","Binned SAH-BVH","1024x1024","32x32",64,8,262205,0,0,0,0,0,0,0,0,0,2.147,29.809,0,3.487,4230096,26,,,,
DateTime,CPU,GPU,BenchmarkType,Scene,ComputeBackend,AccelerationStructure,Resolution,TileSize,SPP,LightBounces,Triangles,Rays,PrimaryRays,SecondaryRays,ShadowRays,Traversals,Intersections,RaysPerSecond,NodesPerRay,IntersectionsPerRay,TotalElapsedSeconds,FPS,AvgKernelMs,AccStructBuildSeconds,AccStructMemoryBytes,AccStructHeight,RMSE,PSNR,QARmseThreshold,QAResult
"2026-06-05 13:48:58","Intel64 Family 6 Model 140 Stepping 1, GenuineIntel","NVIDIA GeForce MX350","SPP","sponza2","SPIR-V","Binned SAH-BVH","1024x1024","8x8",64,8,262205,0,0,0,0,0,0,0,0,0,2.212,28.9331,0,3.579,4230096,26,,,,
DateTime,CPU,GPU,BenchmarkType,Scene,ComputeBackend,AccelerationStructure,Resolution,TileSize,SPP,LightBounces,Triangles,Rays,PrimaryRays,SecondaryRays,ShadowRays,Traversals,Intersections,RaysPerSecond,NodesPerRay,IntersectionsPerRay,TotalElapsedSeconds,FPS,AvgKernelMs,AccStructBuildSeconds,AccStructMemoryBytes,AccStructHeight,RMSE,PSNR,QARmseThreshold,QAResult
"2026-06-05 13:53:39","Intel64 Family 6 Model 140 Stepping 1, GenuineIntel","NVIDIA GeForce MX350","SPP","sponza2","SPIR-V","Havran SAH-KdTree","1024x1024","256x256",64,8,262205,0,0,0,0,0,0,0,0,0,2.325,27.5269,0,32.794,20117984,50,,,,
DateTime,CPU,GPU,BenchmarkType,Scene,ComputeBackend,AccelerationStructure,Resolution,TileSize,SPP,LightBounces,Triangles,Rays,PrimaryRays,SecondaryRays,ShadowRays,Traversals,Intersections,RaysPerSecond,NodesPerRay,IntersectionsPerRay,TotalElapsedSeconds,FPS,AvgKernelMs,AccStructBuildSeconds,AccStructMemoryBytes,AccStructHeight,RMSE,PSNR,QARmseThreshold,QAResult
"2026-06-05 13:54:23","Intel64 Family 6 Model 140 Stepping 1, GenuineIntel","NVIDIA GeForce MX350","SPP","sponza2","SPIR-V","Binned SAH-BVH","1024x1024","32x32",64,8,262205,0,0,0,0,0,0,0,0,0,2.203,29.0513,0,3.511,4230096,26,,,,
DateTime,CPU,GPU,BenchmarkType,Scene,ComputeBackend,AccelerationStructure,Resolution,TileSize,SPP,LightBounces,Triangles,Rays,PrimaryRays,SecondaryRays,ShadowRays,Traversals,Intersections,RaysPerSecond,NodesPerRay,IntersectionsPerRay,TotalElapsedSeconds,FPS,AvgKernelMs,AccStructBuildSeconds,AccStructMemoryBytes,AccStructHeight,RMSE,PSNR,QARmseThreshold,QAResult
"2026-06-05 14:10:25","Intel64 Family 6 Model 140 Stepping 1, GenuineIntel","NVIDIA GeForce MX350","SPP","sponza2","SPIR-V","Havran SAH-KdTree","1024x1024","256x256",64,8,262205,0,0,0,0,0,0,0,0,0,2.439,26.2403,0,32.986,20117984,50,,,,
DateTime,CPU,GPU,BenchmarkType,Scene,ComputeBackend,AccelerationStructure,Resolution,TileSize,SPP,LightBounces,Triangles,Rays,PrimaryRays,SecondaryRays,ShadowRays,Traversals,Intersections,RaysPerSecond,NodesPerRay,IntersectionsPerRay,TotalElapsedSeconds,FPS,AvgKernelMs,AccStructBuildSeconds,AccStructMemoryBytes,AccStructHeight,RMSE,PSNR,QARmseThreshold,QAResult
"2026-06-05 14:48:27","Intel64 Family 6 Model 140 Stepping 1, GenuineIntel","NVIDIA GeForce MX350","SPP","sponza2","SPIR-V","Havran SAH-KdTree","1024x1024","256x256",64,8,262205,0,0,0,0,0,0,0,0,0,2.373,26.9701,0,32.992,20117984,50,,,,
DateTime,CPU,GPU,BenchmarkType,Scene,ComputeBackend,AccelerationStructure,Resolution,TileSize,SPP,LightBounces,Triangles,Rays,PrimaryRays,SecondaryRays,ShadowRays,Traversals,Intersections,RaysPerSecond,NodesPerRay,IntersectionsPerRay,TotalElapsedSeconds,FPS,AvgKernelMs,AccStructBuildSeconds,AccStructMemoryBytes,AccStructHeight,RMSE,PSNR,QARmseThreshold,QAResult
"2026-06-18 16:32:03","Intel64 Family 6 Model 140 Stepping 1, GenuineIntel","NVIDIA GeForce MX350","SPP","sponza2","SPIR-V","Havran SAH-KdTree","1024x1024","256x256",32,8,262205,0,0,0,0,0,0,0,0,0,4.858,6.58707,8.10974e+11,35.746,20117984,50,,,,
DateTime,CPU,GPU,BenchmarkType,Scene,ComputeBackend,AccelerationStructure,Resolution,TileSize,SPP,LightBounces,Triangles,Rays,PrimaryRays,SecondaryRays,ShadowRays,Traversals,Intersections,RaysPerSecond,NodesPerRay,IntersectionsPerRay,TotalElapsedSeconds,FPS,AvgKernelMs,AccStructBuildSeconds,AccStructMemoryBytes,AccStructHeight,RMSE,PSNR,QARmseThreshold,QAResult
"2026-06-18 16:33:31","Intel64 Family 6 Model 140 Stepping 1, GenuineIntel","NVIDIA GeForce MX350","SPP","sponza2","SPIR-V","Havran SAH-KdTree","1024x1024","128x128",32,8,262205,0,0,0,0,0,0,0,0,0,2.663,12.0165,0,33.879,20117984,50,,,,
DateTime,CPU,GPU,BenchmarkType,Scene,ComputeBackend,AccelerationStructure,Resolution,TileSize,SPP,LightBounces,Triangles,Rays,PrimaryRays,SecondaryRays,ShadowRays,Traversals,Intersections,RaysPerSecond,NodesPerRay,IntersectionsPerRay,TotalElapsedSeconds,FPS,AvgKernelMs,AccStructBuildSeconds,AccStructMemoryBytes,AccStructHeight,RMSE,PSNR,QARmseThreshold,QAResult
"2026-06-19 15:42:02","Intel64 Family 6 Model 140 Stepping 1, GenuineIntel","NVIDIA GeForce MX350","SPP","sponza2","SPIR-V","Havran SAH-KdTree","1024x1024","256x256",32,4,262205,210263958,33554432,94589815,82119711,16334605410,12292577755,2.25624e+06,77.6862,58.4626,93.192,0.343377,2817.37,34.125,10058992,50,,,,
DateTime,CPU,GPU,BenchmarkType,Scene,ComputeBackend,AccelerationStructure,Resolution,TileSize,SPP,LightBounces,Triangles,Rays,PrimaryRays,SecondaryRays,ShadowRays,Traversals,Intersections,RaysPerSecond,NodesPerRay,IntersectionsPerRay,TotalElapsedSeconds,FPS,AvgKernelMs,AccStructBuildSeconds,AccStructMemoryBytes,AccStructHeight,RMSE,PSNR,QARmseThreshold,QAResult
"2026-06-19 15:50:45","Intel64 Family 6 Model 140 Stepping 1, GenuineIntel","NVIDIA GeForce MX350","SPP","sponza2","CUDA","Havran SAH-KdTree","1024x1024","256x256",32,4,262205,210265700,33554432,94590986,82120282,16334681326,12292612236,2.00614e+06,77.6859,58.4623,104.811,0.305311,3165.43,33.808,10058992,50,,,,
DateTime,CPU,GPU,BenchmarkType,Scene,ComputeBackend,AccelerationStructure,Resolution,TileSize,SPP,LightBounces,Triangles,Rays,PrimaryRays,SecondaryRays,ShadowRays,Traversals,Intersections,RaysPerSecond,NodesPerRay,IntersectionsPerRay,TotalElapsedSeconds,FPS,AvgKernelMs,AccStructBuildSeconds,AccStructMemoryBytes,AccStructHeight,RMSE,PSNR,QARmseThreshold,QAResult
"2026-06-19 16:11:22","Intel64 Family 6 Model 140 Stepping 1, GenuineIntel","NVIDIA GeForce MX350","SPP","sponza2","CUDA","Havran SAH-KdTree","1024x1024","64x64",128,32,262205,1420756722,134217728,738719561,547819433,102461631657,82460410720,1.7359e+06,72.1176,58.0398,818.455,0.156392,6338.48,33.588,10058992,50,,,,
DateTime,CPU,GPU,BenchmarkType,Scene,ComputeBackend,AccelerationStructure,Resolution,TileSize,SPP,LightBounces,Triangles,Rays,PrimaryRays,SecondaryRays,ShadowRays,Traversals,Intersections,RaysPerSecond,NodesPerRay,IntersectionsPerRay,TotalElapsedSeconds,FPS,AvgKernelMs,AccStructBuildSeconds,AccStructMemoryBytes,AccStructHeight,RMSE,PSNR,QARmseThreshold,QAResult
"2026-06-27 15:43:33","Intel64 Family 6 Model 140 Stepping 1, GenuineIntel","NVIDIA GeForce MX350","SPP","cornell_box","CUDA","Binned SAH-BVH","1024x1024","256x256",64,4,30,218473667,67108864,151364803,124364154,1166315738,3650395314,7.75004e+07,5.33847,16.7086,2.819,22.7031,38.6476,0,336,4,,,,
DateTime,CPU,GPU,BenchmarkType,Scene,ComputeBackend,AccelerationStructure,Resolution,TileSize,SPP,LightBounces,Triangles,Rays,PrimaryRays,SecondaryRays,ShadowRays,Traversals,Intersections,RaysPerSecond,NodesPerRay,IntersectionsPerRay,TotalElapsedSeconds,FPS,AvgKernelMs,AccStructBuildSeconds,AccStructMemoryBytes,AccStructHeight,RMSE,PSNR,QARmseThreshold,QAResult
"2026-06-27 15:44:06","Intel64 Family 6 Model 140 Stepping 1, GenuineIntel","NVIDIA GeForce MX350","SPP","cornell_box","SPIR-V","Binned SAH-BVH","1024x1024","256x256",64,4,30,342796908,67108864,151345793,124342251,1819732713,5645327064,7.45859e+07,5.30849,16.4684,4.596,13.9252,68.415,0,336,4,,,,
DateTime,CPU,GPU,BenchmarkType,Scene,ComputeBackend,AccelerationStructure,Resolution,TileSize,SPP,LightBounces,Triangles,Rays,PrimaryRays,SecondaryRays,ShadowRays,Traversals,Intersections,RaysPerSecond,NodesPerRay,IntersectionsPerRay,TotalElapsedSeconds,FPS,AvgKernelMs,AccStructBuildSeconds,AccStructMemoryBytes,AccStructHeight,RMSE,PSNR,QARmseThreshold,QAResult
"2026-06-27 15:47:12","Intel64 Family 6 Model 140 Stepping 1, GenuineIntel","NVIDIA GeForce MX350","SPP","cornell_box","SPIR-V","Binned SAH-BVH","1024x1024","256x256",64,4,30,218455130,67108864,151346266,124342367,1166220185,3650112962,8.12101e+07,5.33849,16.7088,2.69,23.7918,38.9893,0,336,4,,,,
DateTime,CPU,GPU,BenchmarkType,Scene,ComputeBackend,AccelerationStructure,Resolution,TileSize,SPP,LightBounces,Triangles,Rays,PrimaryRays,SecondaryRays,ShadowRays,Traversals,Intersections,RaysPerSecond,NodesPerRay,IntersectionsPerRay,TotalElapsedSeconds,FPS,AvgKernelMs,AccStructBuildSeconds,AccStructMemoryBytes,AccStructHeight,RMSE,PSNR,QARmseThreshold,QAResult
"2026-06-28 01:59:28","Intel64 Family 6 Model 140 Stepping 1, GenuineIntel","NVIDIA GeForce MX350","SPP","cornell_box","SPIR-V","Binned SAH-BVH","1024x1024","256x256",64,4,30,67108864,67108864,0,0,96381085,0,3.1228e+07,1.43619,0,2.149,29.7813,7.43635,0,448,4,,,,
DateTime,CPU,GPU,BenchmarkType,Scene,ComputeBackend,AccelerationStructure,Resolution,TileSize,SPP,LightBounces,Triangles,Rays,PrimaryRays,SecondaryRays,ShadowRays,Traversals,Intersections,RaysPerSecond,NodesPerRay,IntersectionsPerRay,TotalElapsedSeconds,FPS,AvgKernelMs,AccStructBuildSeconds,AccStructMemoryBytes,AccStructHeight,RMSE,PSNR,QARmseThreshold,QAResult
"2026-06-28 02:00:42","Intel64 Family 6 Model 140 Stepping 1, GenuineIntel","NVIDIA GeForce MX350","SPP","cornell_box","CUDA","Binned SAH-BVH","1024x1024","256x256",32,8,30,223139008,33554432,107842693,81741883,1189008004,3710579969,4.29361e+07,5.32855,16.629,5.197,6.1574,152.811,0,448,4,,,,
DateTime,CPU,GPU,BenchmarkType,Scene,ComputeBackend,AccelerationStructure,Resolution,TileSize,SPP,LightBounces,Triangles,Rays,PrimaryRays,SecondaryRays,ShadowRays,Traversals,Intersections,RaysPerSecond,NodesPerRay,IntersectionsPerRay,TotalElapsedSeconds,FPS,AvgKernelMs,AccStructBuildSeconds,AccStructMemoryBytes,AccStructHeight,RMSE,PSNR,QARmseThreshold,QAResult
"2026-06-28 02:01:07","Intel64 Family 6 Model 140 Stepping 1, GenuineIntel","NVIDIA GeForce MX350","SPP","cornell_box","SPIR-V","Binned SAH-BVH","1024x1024","256x256",32,8,30,33554432,33554432,0,0,48190497,0,3.2736e+07,1.43619,0,1.025,31.2195,7.08422,0,448,4,,,,
DateTime,CPU,GPU,BenchmarkType,Scene,ComputeBackend,AccelerationStructure,Resolution,TileSize,SPP,LightBounces,Triangles,Rays,PrimaryRays,SecondaryRays,ShadowRays,Traversals,Intersections,RaysPerSecond,NodesPerRay,IntersectionsPerRay,TotalElapsedSeconds,FPS,AvgKernelMs,AccStructBuildSeconds,AccStructMemoryBytes,AccStructHeight,RMSE,PSNR,QARmseThreshold,QAResult
"2026-06-28 02:30:39","Intel64 Family 6 Model 140 Stepping 1, GenuineIntel","NVIDIA GeForce MX350","SPP","cornell_box","SPIR-V","Binned SAH-BVH","1024x1024","256x256",32,8,30,223106965,33554432,107830646,81721887,1188807742,3709811492,3.55209e+07,5.32842,16.628,6.281,5.09473,187.279,0,448,4,,,,
DateTime,CPU,GPU,BenchmarkType,Scene,ComputeBackend,AccelerationStructure,Resolution,TileSize,SPP,LightBounces,Triangles,Rays,PrimaryRays,SecondaryRays,ShadowRays,Traversals,Intersections,RaysPerSecond,NodesPerRay,IntersectionsPerRay,TotalElapsedSeconds,FPS,AvgKernelMs,AccStructBuildSeconds,AccStructMemoryBytes,AccStructHeight,RMSE,PSNR,QARmseThreshold,QAResult
"2026-06-28 03:49:20","Intel64 Family 6 Model 140 Stepping 1, GenuineIntel","NVIDIA GeForce MX350","SPP","cornell_box","SPIR-V","Binned SAH-BVH","1024x1024","256x256",32,8,30,223104481,33554432,107829329,81720720,1188792403,3709753471,5.3916e+07,5.32841,16.6279,4.138,7.7332,122.761,0,448,4,,,,
DateTime,CPU,GPU,BenchmarkType,Scene,ComputeBackend,AccelerationStructure,Resolution,TileSize,SPP,LightBounces,Triangles,Rays,PrimaryRays,SecondaryRays,ShadowRays,Traversals,Intersections,RaysPerSecond,NodesPerRay,IntersectionsPerRay,TotalElapsedSeconds,FPS,AvgKernelMs,AccStructBuildSeconds,AccStructMemoryBytes,AccStructHeight,RMSE,PSNR,QARmseThreshold,QAResult
"2026-06-28 03:50:05","Intel64 Family 6 Model 140 Stepping 1, GenuineIntel","NVIDIA GeForce MX350","SPP","cornell_box","SPIR-V","Binned SAH-BVH","1024x1024","256x256",32,4,30,171402173,33554432,75676370,62171371,909875008,2822636469,7.7981e+07,5.30842,16.4679,2.198,14.5587,64.4986,0,448,4,,,,
DateTime,CPU,GPU,BenchmarkType,Scene,ComputeBackend,AccelerationStructure,Resolution,TileSize,SPP,LightBounces,Triangles,Rays,PrimaryRays,SecondaryRays,ShadowRays,Traversals,Intersections,RaysPerSecond,NodesPerRay,IntersectionsPerRay,TotalElapsedSeconds,FPS,AvgKernelMs,AccStructBuildSeconds,AccStructMemoryBytes,AccStructHeight,RMSE,PSNR,QARmseThreshold,QAResult
"2026-06-28 03:50:39","Intel64 Family 6 Model 140 Stepping 1, GenuineIntel","NVIDIA GeForce MX350","SPP","cornell_box","CUDA","Binned SAH-BVH","1024x1024","256x256",32,4,30,171411773,33554432,75677348,62179993,909943496,2822934352,5.9663e+07,5.30852,16.4687,2.873,11.1382,81.9851,0,448,4,,,,
DateTime,CPU,GPU,BenchmarkType,Scene,ComputeBackend,AccelerationStructure,Resolution,TileSize,SPP,LightBounces,Triangles,Rays,PrimaryRays,SecondaryRays,ShadowRays,Traversals,Intersections,RaysPerSecond,NodesPerRay,IntersectionsPerRay,TotalElapsedSeconds,FPS,AvgKernelMs,AccStructBuildSeconds,AccStructMemoryBytes,AccStructHeight,RMSE,PSNR,QARmseThreshold,QAResult
"2026-06-28 03:51:19","Intel64 Family 6 Model 140 Stepping 1, GenuineIntel","NVIDIA GeForce MX350","SPP","cornell_box","SPIR-V","Havran SAH-KdTree","1024x1024","256x256",32,4,30,171400932,33554432,75675768,62170732,1199129092,2597314557,4.23421e+07,6.99605,15.1534,4.048,7.90514,120.169,0,336,7,,,,
DateTime,CPU,GPU,BenchmarkType,Scene,ComputeBackend,AccelerationStructure,Resolution,TileSize,SPP,LightBounces,Triangles,Rays,PrimaryRays,SecondaryRays,ShadowRays,Traversals,Intersections,RaysPerSecond,NodesPerRay,IntersectionsPerRay,TotalElapsedSeconds,FPS,AvgKernelMs,AccStructBuildSeconds,AccStructMemoryBytes,AccStructHeight,RMSE,PSNR,QARmseThreshold,QAResult
"2026-06-28 03:51:54","Intel64 Family 6 Model 140 Stepping 1, GenuineIntel","NVIDIA GeForce MX350","SPP","cornell_box","CUDA","Havran SAH-KdTree","1024x1024","256x256",32,4,30,171411772,33554432,75677348,62179992,1199318907,2597844949,3.19977e+07,6.99671,15.1556,5.357,5.97349,158.274,0,336,7,,,,
DateTime,CPU,GPU,BenchmarkType,Scene,ComputeBackend,AccelerationStructure,Resolution,TileSize,SPP,LightBounces,Triangles,Rays,PrimaryRays,SecondaryRays,ShadowRays,Traversals,Intersections,RaysPerSecond,NodesPerRay,IntersectionsPerRay,TotalElapsedSeconds,FPS,AvgKernelMs,AccStructBuildSeconds,AccStructMemoryBytes,AccStructHeight,RMSE,PSNR,QARmseThreshold,QAResult
"2026-06-28 03:52:34","Intel64 Family 6 Model 140 Stepping 1, GenuineIntel","NVIDIA GeForce MX350","SPP","cornell_box","SPIR-V","Binned SAH-BVH","1024x1024","256x256",32,4,30,171400730,33554432,75675697,62170601,909868257,2822619980,7.96842e+07,5.30843,16.468,2.151,14.8768,63.0547,0,448,4,,,,
DateTime,CPU,GPU,BenchmarkType,Scene,ComputeBackend,AccelerationStructure,Resolution,TileSize,SPP,LightBounces,Triangles,Rays,PrimaryRays,SecondaryRays,ShadowRays,Traversals,Intersections,RaysPerSecond,NodesPerRay,IntersectionsPerRay,TotalElapsedSeconds,FPS,AvgKernelMs,AccStructBuildSeconds,AccStructMemoryBytes,AccStructHeight,RMSE,PSNR,QARmseThreshold,QAResult
"2026-06-28 15:17:15","Intel64 Family 6 Model 140 Stepping 1, GenuineIntel","NVIDIA GeForce MX350","SPP","cornell_box","SPIR-V","Binned SAH-BVH4","1024x1024","256x256",32,4,30,33554432,33554432,0,0,107191710,0,3.05874e+07,3.19456,0,1.097,29.1705,7.49225,0,640,2,,,,
DateTime,CPU,GPU,BenchmarkType,Scene,ComputeBackend,AccelerationStructure,Resolution,TileSize,SPP,LightBounces,Triangles,Rays,PrimaryRays,SecondaryRays,ShadowRays,Traversals,Intersections,RaysPerSecond,NodesPerRay,IntersectionsPerRay,TotalElapsedSeconds,FPS,AvgKernelMs,AccStructBuildSeconds,AccStructMemoryBytes,AccStructHeight,RMSE,PSNR,QARmseThreshold,QAResult
"2026-06-28 15:17:50","Intel64 Family 6 Model 140 Stepping 1, GenuineIntel","NVIDIA GeForce MX350","SPP","cornell_box","CUDA","Binned SAH-BVH4","1024x1024","256x256",32,4,30,171411772,33554432,75677348,62179992,567119950,2822934330,4.52991e+07,3.30852,16.4687,3.784,8.45666,110.606,0,640,2,,,,
DateTime,CPU,GPU,BenchmarkType,Scene,ComputeBackend,AccelerationStructure,Resolution,TileSize,SPP,LightBounces,Triangles,Rays,PrimaryRays,SecondaryRays,ShadowRays,Traversals,Intersections,RaysPerSecond,NodesPerRay,IntersectionsPerRay,TotalElapsedSeconds,FPS,AvgKernelMs,AccStructBuildSeconds,AccStructMemoryBytes,AccStructHeight,RMSE,PSNR,QARmseThreshold,QAResult
"2026-06-28 15:22:55","Intel64 Family 6 Model 140 Stepping 1, GenuineIntel","NVIDIA GeForce MX350","SPP","cornell_box","SPIR-V","Binned SAH-BVH4","1024x1024","256x256",32,4,30,171401308,33554432,75676011,62170865,567068315,2822626256,5.81021e+07,3.30842,16.4679,2.95,10.8475,87.0709,0,640,2,,,,
DateTime,CPU,GPU,BenchmarkType,Scene,ComputeBackend,AccelerationStructure,Resolution,TileSize,SPP,LightBounces,Triangles,Rays,PrimaryRays,SecondaryRays,ShadowRays,Traversals,Intersections,RaysPerSecond,NodesPerRay,IntersectionsPerRay,TotalElapsedSeconds,FPS,AvgKernelMs,AccStructBuildSeconds,AccStructMemoryBytes,AccStructHeight,RMSE,PSNR,QARmseThreshold,QAResult
"2026-06-28 15:37:56","Intel64 Family 6 Model 140 Stepping 1, GenuineIntel","NVIDIA GeForce MX350","SPP","cornell_box","SPIR-V","Binned SAH-BVH","1024x1024","256x256",32,4,30,171401066,33554432,75675762,62170872,909868306,2822611656,5.1241e+07,5.30842,16.4679,3.345,9.56652,98.5166,0,448,4,,,,
DateTime,CPU,GPU,BenchmarkType,Scene,ComputeBackend,AccelerationStructure,Resolution,TileSize,SPP,LightBounces,Triangles,Rays,PrimaryRays,SecondaryRays,ShadowRays,Traversals,Intersections,RaysPerSecond,NodesPerRay,IntersectionsPerRay,TotalElapsedSeconds,FPS,AvgKernelMs,AccStructBuildSeconds,AccStructMemoryBytes,AccStructHeight,RMSE,PSNR,QARmseThreshold,QAResult
"2026-06-28 15:38:39","Intel64 Family 6 Model 140 Stepping 1, GenuineIntel","NVIDIA GeForce MX350","SPP","cornell_box","SPIR-V","Binned SAH-BVH","1024x1024","256x256",32,4,30,171401600,33554432,75676250,62170918,909872424,2822630690,6.92812e+07,5.30842,16.4679,2.474,12.9345,72.3777,0,448,4,,,,
